word,translation,phonetic,mastered,sentences
"abrupt","ADJ. Broken away (from restraint).，Without notice to prepare the mind for the event; sudden; hasty; unceremonious.，Curt in manner.，Having sudden transitions from one subject or state to another; unconnected; disjointed.，Broken off.，Extremely steep or craggy as if broken up; precipitous.，Suddenly terminating, as if cut off; truncate. VERB. To tear off or asunder.，To interrupt suddenly. NOUN. Something which is abrupt; an abyss.","/əˈbrʌpt/","✗","The party came to an abrupt end when the parents of our host arrived.;The cause of your abrupt departure.;'Is it a slickstone?' she asks, and Maren snorts, an abrupt sound, bringing her hand up to her mouth."
"accessibility","NOUN. The quality of being accessible, or of admitting approach; receptiveness.，Features that increase software usability for users with certain impairments.","/əkˌsesəˈbɪləti/","✓","He says the company's FLIRT design, in particular its retractable steps, provides greater accessibility, while the technology is highly innovative and reliable.;Now, covered concrete troughs to house the cables are laid parallel with the railway lines, cheapening maintenance because of improved accessibility for inspection and repair.;They will feature wider gangways for better wheelchair accessibility, as well as compatibility with platform screen doors - should these ever be introduced in the future."
"acquisition","NOUN. The act or process of acquiring.，The thing acquired or gained; a gain.，The process of sampling signals that measure real world physical conditions and converting these signals into digital numeric values that can be manipulated by a computer.","/ˌækwɪˈzɪʃn/","✗","This paper explores the position of the copula in the development of the verb system in second language acquisition of Italian.;That graphite tennis racquet is quite an acquisition.;The acquisition of sports equipment can be fun in itself."
"allegory","NOUN. A narrative in which a character, place, or event is used to deliver a broader message about real-world issues and occurrences.，A picture, book, or other form of communication using such representation.，A symbolic representation which can be interpreted to reveal a hidden meaning, usually a moral or political one.，A category that retains some of the structure of the category of binary relations between sets, representing a high-level generalisation of that category.","/ˈæləɡəri/","✗","Mrs Malaprop said, “He’s as headstrong as an allegory on the banks of the Nile.”;More affected by Cabbalic and Hermetic studies than Mede, he too uses allegory in his exposition of the Scriptures, and in teaching constantly quotes the prophetic books.;In the Fairy Queen, allegory is wrought upon chivalry, and the feats and figments of Arthur’s round table are moralised."
"alleviate","VERB. To reduce or lessen the severity of a pain or difficulty.","/əˈliːvieɪt/","✗","High-bandwidth memory (HBM) helps alleviate this bottleneck by providing more storage capacity and data bandwidth using system in package (SiP) memory technology to stack DRAM chips vertically and using a wide (1024-bit) interface.;alleviate his pain;Alcohol is often a cheap tool to alleviate the stress of a hard day.;The visitor in Man Facing South-east claims pure altruism; Rantes (Hugo Soto) wants to alleviate the suffering of the poor and helpless."
"along the lines of","ADP. Similar to, but not exactly equal.","","✗","You stated in a comment above that your dataframe is defined along the lines of df = df_all.loc[df_all['issueid']==specific_id,:]. "
"amateur","NOUN. A lover of something.，A person attached to a particular pursuit, study, science, or art (such as music or painting), especially one who cultivates any study, interest, taste, or attachment without engaging in it professionally.，Someone who is unqualified or insufficiently skillful. ADJ. Non-professional.，Created, done, or populated by amateurs or non-professionals.，Showing a lack of professionalism, experience or talent.","/ˈæmətə(r)/","✗","he conducted extensive correspondence on wines with European suppliers, employing a wine vocabulary familiar to any modern amateur of wines.;amateur sports;Duct tape is a sure sign of amateur workmanship."
"ambush","NOUN. The act of concealing oneself and lying in wait to attack by surprise.，An attack launched from a concealed position.，The concealed position or state from which a surprise attack is launched.，The troops posted in a concealed place, for attacking by surprise; those who lie in wait. VERB. To station in ambush with a view to surprise an enemy.，To attack by ambush; to waylay.","/ˈæmbʊʃ/","✓","to decoy troops into an ambush; to decoy ducks into a net;Additional sentries are keeping watch for any signs of an ambush.;A part of their company, who had been sent out on a skulk, had not returned, and great anxiety was felt lest they had fallen into an ambush and been captured."
"amiable","ADJ. Friendly; kind; sweet; gracious，Of a pleasant and likeable nature; kind-hearted; easy to like","/ˈeɪmiəbl/","✗","Which is really useful and amiable to me;an amiable temper;amiable ideas;The sums I have lent him! indeed—I have been exceedingly to blame—it was an amiable weakness!"
"anesthesia","NOUN. An artificial method of preventing sensation, used to eliminate pain without causing loss of vital functions, by the administration of one or more agents which block pain impulses before transmitted to the brain.，The loss or prevention of sensation, as caused by anesthesia (in the above sense), or by a lesion in the nervous system, or by another physical abnormality.，Synonym of anesthetic","/ˌænəsˈθiːziə/","✗","General anesthesia may decrease the functional residual capacity (FRC) for up to 1 to 2 weeks postoperatively.;light sleep; light anesthesia;The patient didn't want to be sedated, so we applied only local anesthesia."
"annex","NOUN. An addition, an extension.，An appendix to a book or document.，An addition or extension to a building.，An addition to the territory of a country or state, from a neighbouring country or state, normally by military force. VERB. To add something to another thing, especially territory; to incorporate.，To attach or connect, as a consequence, condition, etc.，To join; to be united. PROPN. A census-designated place in Malheur County, Oregon, United States.","/ˈæneks/","✗","Under Edward the Second, the Commons began to annex petitions to the bills by which they granted subsidies;to annex a penalty to a prohibition, or punishment to guilt;Next to sorrow still I may annex such accidents as procure fear; for besides those terrors which I have before touched, […] there is a superstitious fear […] which much trouble many of us."
"applicable","ADJ. suitable for application, relevant","/əˈplɪkəbl/","✗","This rule is not applicable to the longer-standing members of the club.;An advice issued by a Monitoring Committee could be applicable in a Dutch court;the question arises, whether an advice issued by a Monitoring Committee would actually be applicable in a Dutch court"
"appropriately","ADV. In an appropriate manner; properly; suitably.","/əˈprəʊpriətli/","✗","On the way out of the building I was asked for my autograph. If I'd known who the signature hound thought I was, I would've signed appropriately.;Their fellow diners, like their ketchupped grub, were appropriately dashed and splattered with paint and plaster, reading their Suns and Daily Mirror.;Good will is also secured by plussing the original purchase with another article that goes appropriately with it."
"auspicious","ADJ. Of good omen; indicating future success.，Conducive to success.，Marked by success; prosperous.","/ɔːˈspɪʃəs/","✗","This is an auspicious day.;Betwixt two seasons comes th' auspicious air, / This age to blossom, and the next to bear.;The addition of Holiday is especially auspicious because while the team is stacked with great offensive players, it is a little lacking on defense, and he fills that gap."
"azure","NOUN. The clear blue colour of the sky; also, a pigment or dye of this colour.，A blue colour on a coat of arms, represented in engraving by horizontal parallel lines.，The unclouded sky; the blue vault above.，Any of various widely distributed lycaenid butterflies of the genus Celastrina.，Any of various Australasian lycaenid butterflies of the genus Ogyris.，Lapis lazuli. ADJ. Sky blue; resembling the clear blue colour of the unclouded sky.，Cloudless.，In blazon, of the colour blue. VERB. To colour blue. PROPN. A surname.","/ˈæʒə(r)/","✗","In robes of azure.;In Bb [Glover's Roll], the conventional letter B is used to indicate azure in most items.;azure (heraldry):"
"barefaced","ADJ. Undisguisedly offensive and bold; crude.，Open, undisguised.，Unbearded (not having a beard or other facial hair).，Unmasked (not wearing a mask) or not wearing a face covering.","/ˈbeəfeɪst/","✗","But this takes chutzpah (aka barefaced cheek) and flies in the face of received wisdom about what you do, when and how.So be it, I say."
"bluff","NOUN. An act of bluffing; a false expression of the strength of one's position in order to intimidate; braggadocio.，An attempt to represent oneself as holding a stronger hand than one actually does.，The card game poker.，One who bluffs; a bluffer.，An excuse.，A high, steep bank, for example by a river or the sea, or beside a ravine or plain; a cliff with a broad face.，A small wood or stand of trees, typically poplar or willow. VERB. To make a bluff; to give the impression that one's hand is stronger than it is.，To frighten or deter with a false show of strength or confidence; to give a false impression of strength or temerity in order to intimidate and gain some advantage.，To take advantage by bluffing.，To give false information intentionally; to lie; to deceive，To fluff, puff or swell up. ADJ. Having a broad, flattened front.，Rising steeply with a flat or rounded front.，Surly; churlish; gruff; rough.，Roughly frank and hearty in one's manners. PROPN. A town in New Zealand, the southernmost in the South Island, and seaport for the Southland region.","/blʌf/","✗","That is only bluff, or a bluff.;John's bet was a bluff: he bet without even so much as a pair.;BLUFF OR POKER [title of a chapter]"
"broom","NOUN. A domestic utensil with fibers bound together at the end of a long handle, used for sweeping.，An implement with which players sweep the ice to make a stone travel further and curl less; a sweeper.，Any of several yellow-flowered shrubs of the family Fabaceae, with long, stiff, thin branches and small or few leaves used for the domestic utensil.
especially, of the tribe Genisteae, including genera Cytisus, Genista, and Spartium，Any of several yellow-flowered shrubs of the family Fabaceae, with long, stiff, thin branches and small or few leaves used for the domestic utensil.
of plants not closely related to those of tribe Genisteae.，Any of several yellow-flowered shrubs of the family Fabaceae, with long, stiff, thin branches and small or few leaves used for the domestic utensil.，A shotgun. VERB. To sweep with a broom.，To improve the embedding of a membrane by using a broom or squeegee to smooth it out and ensure contact with the adhesive under the membrane.，to get rid of someone, like firing an employee or breaking up with a girlfriend, to sweep another out of one's life，Alternative form of bream (“to clean a ship's bottom”) INTJ. Alternative form of brrm (“sound of a car engine”) PROPN. A number of places in England:
A village in Southill parish, Central Bedfordshire, Bedfordshire (OS grid ref TL1743).，A number of places in England:
A hamlet in Long Marton parish, Eden district, Cumbria (OS grid ref NY6623).，A number of places in England:
A locality in Thorncombe parish, west Dorset, on the boundary with Devon and close to Somerset (OS grid ref ST3202).，A number of places in England:
A southern suburb of Rotherham, South Yorkshire (OS grid ref SK4491).，A number of places in England:
A village in Bidford-on-Avon parish, Stratford-on-Avon district, Warwickshire (OS grid ref SP0853).，A suburb of Newton Mearns, East Renfrewshire council area, Scotland (OS grid ref NS5556).，A hamlet in Kilgetty/Begelly community, Pembrokeshire, Wales (OS grid ref SN1108).，A surname.","/bruːm/","✗","At the same time, the encroachment of vegetation proceeds apace, and broom and brambles have already made portions of the line impassable, even on foot.;I just got the drop, there is an opp
OFB step with the broom;He got forced to hold that broom, that dickhead reminds me of Cinderella"
"bullet","NOUN. A projectile, usually of metal, shot from a gun at high speed.，An entire round of unfired ammunition for a firearm, including the projectile, the cartridge casing, the propellant charge, etc.，Ammunition for a sling or slingshot which has been manufactured for such use.，A printed symbol in the form of a solid circle, “•”, often used to mark items in a list.，A large scheduled repayment of the principal of a loan; a balloon payment.，A rejection letter, as for employment, admission to a school or a competition.，One year of prison time.，An ace (the playing card).，Anything that is projected extremely fast.，Very fast (speedy).，chess played at an extremely fast time control, with one minute given to each player. (Short for bullet chess.)，A plumb or sinker.，The heavy projectile thrown in a game of road bowling.，A roughly bullet-shaped sweet consisting of a cylinder of liquorice covered in chocolate.，A small ball.，A cannonball.，The fetlock of a horse.，A notation used on pop music charts to indicate that a song is climbing in the rankings.，A young or little bull; a male calf. VERB. To draw attention to (text) by, or as if by, placing a graphic bullet in front of it.，To speed, like a bullet.，To make a shot, especially with great speed.","/ˈbʊlɪt/","✗","John's not going to any of his top schools; he got a bullet from the last of them yesterday.;bullet train; bullet chess;Nakamura is a different animal at 15-minute rapid and five-minute blitz and even more so at one-minute bullet, and in this match he adopted a psychological approach which paid off brilliantly."
"burmese","ADJ. Of or relating to Burma (Myanmar) or its people or language. NOUN. A person from Myanmar or of Burmese descent.，A medium-sized, short-haired domestic cat breed, originating in Thailand. PROPN. The Sino-Tibetan official language of the country Burma. Also known as Myanmar (which is the name preferred by the country's current government).，The script in which the Burmese language is written.","/bɜːˈmiːz/","✗",""
"canvass","VERB. To thoroughly examine or investigate (something) physically or by discussion; to debate, to gather opinion, to scrutinize.，To scrutinize (the ballot in an election or the votes cast) and reject irregular votes; also, to challenge or dispute (an election result).，To seek or solicit donations, information, opinions, support, etc. from (people or a place)，To seek the support of (voters or a constituency) in a forthcoming election or poll through personal solicitation or public addresses.，To toss (someone) in a (canvas) sheet for fun or as a punishment; to blanket.，To batter, beat, or thrash (someone or something).，To assail or attack (someone or something).，To severely criticize (a person, a written work, etc.).，To debate, to discuss.，To seek or solicit donations, information, opinions, support, etc.; to conduct a survey.，To seek the support of voters or a constituency in a forthcoming election or poll; to campaign. NOUN. A seeking or solicitation of donations, information, opinions, support, etc.，A seeking or solicitation, or determination, of support or favourable votes in a forthcoming election or poll.，A scrutiny of the votes cast in an election to reject irregular votes; also, a tally, audit, and certification of votes.，A thorough discussion or investigation. (Possibly; the meaning is unclear.)，Rejection (at an election, of a suit, etc.).，Obsolete spelling of canvas","/ˈkænvəs/","✗","The one thing considered the brass ring in selling insurance was making a sale on a cold canvass. Cold canvassing was the most dreaded exercise for most insurance salesmen.;Uplong the slipp'ry Masts the Yards ascend, / And stretch'd abroad the Canvass wings extend.;If it changes a lot, wow, its relaxed to canvass."
"carpenter","NOUN. A person skilled at carpentry, the trade of cutting and joining timber in order to construct buildings or other structures.，A senior rating in ships responsible for all the woodwork onboard; in the days of sail, a warrant officer responsible for the hull, masts, spars and boats of a ship, and whose responsibility was to sound the well to see if the ship was making water.，A two-wheeled carriage.，A carpenter bee.，A woodlouse. VERB. To work as a carpenter, cutting and joining timber. PROPN. A surname originating as an occupation derived from the trade name carpenter.，A number of places in the United States:
Synonym of Long Island, Alabama.，A number of places in the United States:
A ghost town in Mesa County, Colorado.，A number of places in the United States:
An unincorporated community in New Castle County, Delaware.，A number of places in the United States:
A township in Jasper County, Indiana.，A number of places in the United States:
A minor city in Mitchell County, Iowa.，A number of places in the United States:
An unincorporated community in Whitley County, Kentucky.，A number of places in the United States:
A township in Itasca County, Minnesota.，A number of places in the United States:
An unincorporated community in Copiah County, Mississippi.，A number of places in the United States:
An unincorporated community in Bernalillo County, New Mexico.，A number of places in the United States:
A former settlement in Grant County, New Mexico.，A number of places in the United States:
An unincorporated community including Carpenter Historic District in Wake County, North Carolina.，A number of places in the United States:
An unincorporated community in Rolette County, North Dakota.，A number of places in the United States:
A township in Steele County, North Dakota.，A number of places in the United States:
An unincorporated community in Meigs County, Ohio.，A number of places in the United States:
An unincorporated community in Roger Mills County and Custer County, Oklahoma.，A number of places in the United States:
An unincorporated community in Clark County, South Dakota.，A number of places in the United States:
An unincorporated community in Wilson County, Texas.，A number of places in the United States:
An unincorporated community and census-designated place in Laramie County, Wyoming.","/ˈkɑːpəntə(r)/","✗","In The Cook and the Carpenter, Arnold used the device of a neuter pronoun ""na,"" instead of assigning gender to the characters.;The village carpenter […] lays out his work by empirical rules learnt in his apprenticeship.;Carpenter now placed himself at silly-point for Grundy, who was playing very forward."
"caveat","NOUN. A warning.，A qualification or exemption.，A formal objection.，A formal objection.
A formal notice of interest in land under a Torrens land-title system.，A notice requesting a postponement of a court proceeding. VERB. To qualify a statement with a caveat or proviso.，To formally object to something.，To formally object to something.
To lodge a formal notice of interest in land under a Torrens land-title system.，To issue a notice requesting that proceedings be suspended.，To warn or caution against some event.","/ˈkæviæt/","✗","There is at least one caveat in cultivation: you’ll have to stick to only one discipline, such as that according to Bhaiṣajyaguru, the Medicine Buddha.;Two young Harvard M.B.A.'s worked up some highly optimistic projections—with the caveat that these were speculative and should of course be tested.;He gave his daughter some hyacinth bulbs with the caveat that she plant them in the shade."
"celestial","ADJ. Synonym of heavenly: of or related to Heaven and the divine.，Relating to the sky or outer space, regarded as the realm of the sun, moon, planets, and stars.，Of or pertaining to the highest degree of glory.，Extremely good, pleasant, or blissful; heavenly. NOUN. An inhabitant of heaven.，A native of China.，by extension, an East Asian person.，a person from the Celestial Empire (usually associated with the period of the Qing Dynasty)","/səˈlestiəl/","✓","We are now living and obeying celestial laws that will make us candidates for celestial glory.;How will you make it through your teenage years spiritually prepared for your celestial future? How will you connect your celestial goals with your everyday life?;However, with true Celestial pertinacity, `John' has stuck to his work."
"cheekbone","NOUN. The small prominent bone of the cheek.","/ˈtʃiːkbəʊn/","✓","She wanted to shove a sporf through his eyeball and smash her Victorian slotted across his cheekbone.;He looked at Eve, who smiled broadly, two rougelike puffs of excitement on each apple cheekbone.;Using the correct schemes of its application, you can give the person the ideal outlines: Highlight can be applied to the top of the cheekbone."
"chromatic","ADJ. Uses relating to colour
Characterized or caused by, or relating to, colour or hue.，Uses relating to colour
Brightly coloured; colourful, vivid.，Uses relating to colour
Having the capacity to separate spectral colours by refraction.，One of three types of tetrachord (the others being the diatonic and enharmonic), with an interval between half and four-fifths of the total interval of a tetrachord.，Relating to or using notes not belonging to the diatonic scale of the key in which a passage of music is written.，Relating to chromatin (“a complex of DNA, RNA, and proteins within the cell nucleus out of which chromosomes condense during cell division”).","/krəˈmætɪk/","✗","The chromatic threads next arrange themselves in the equatorial plane of the nucleus, and then divide into two groups of threads, each of which forms a daughter nucleus.;At the end of the prelude of Caprice V, there is a chromatic ascending and descending scale of forty-eight notes to be played in one bow in legato.;More octaves ensue, followed by chromatic passagework with filigree scales."
"chrome","NOUN. Chromium, when used to plate other metals.，handguns，The basic structural elements used in a graphical user interface, such as window frames and scroll bars, as opposed to the content. VERB. To plate with chrome.，To treat with a solution of potassium bichromate, as in dyeing.","/krəʊm/","✓","Disrespect my nigga Boss and I'm flashin' the chrome;I ain't trippin' long 'cause I can reach the chrome / Heat your home like Southern California Gas, police pass;I had the idea of making our browser chrome match the actual hardware you were on. If your Mac’s bezel was Bondi blue, we’d make our UI Bondi blue."
"circuitry","NOUN. A specific system of electrical circuits in a particular device; (uncountable) the design of such a system.，Electrical (or, by extension, other) circuits considered as a group.，The brain's neural network.","/ˈsɜːkɪtri/","✗","The circuitry traversed by the source clock from its source point to the startpoint of the datapath. ;After jettison of nose cap, all the detector circuitry became exposed to the radiation environment.;Telemetering transmitter removed from its pressurized container. The circuitry for each of the 23 channels can be quickly unplugged for servicing.;Since [Santiago Ramón y] Cajal's neural circuitry did not include inhibitory cells, he believed that short-axoned cells were important in maintaining a continuous and persistent activity in neural centers."
"circumcision","NOUN. The surgical removal of the foreskin of the penis.，The surgical removal of the clitoral hood of the clitoris; female circumcision.，The surgical removal of the clitoris; clitoridectomy, usually referred to as female genital mutilation.","/ˌsɜːkəmˈsɪʒn/","✗","After all, Jehovah had instituted the rite of circumcision in which the clipped penis became consecrated to him, […];Circumcision ’s effect on sex is a white-hot issue in the United States for the small but vocal anticircumcision lobby.;But this [ban on circumcision] must have been a provocation, as the emperor Antoninus Pius later acknowledged by excepting the Jews."
"clang","NOUN. A loud, ringing sound, like that made by free-hanging metal objects striking each other.，Quality of tone.，The cry of some birds, including the crane and the goose.，A word or phrase linked only by sound and not by meaning, characteristic of some mental disorders.，Alternative form of klang VERB. To strike (objects) together so as to produce a clang.，To give out a clang; to resound. INTJ. Imitative of a loud metallic ringing sound.，Said after someone has name-dropped (mentioned a famous person with whom they are acquainted).","/klæŋ/","✗","Hangs is a false word, — a Northern corruption of the negro dialect yang, — an onomatopœian word, representing the ""far heard clang"" of the wild goose.;Bang, bang, Maxwell's silver hammer
Came down upon her head
Clang, clang, Maxwell's silver hammer
Made sure that she was dead;I see the Crusaders' tumultuous armies—hark, how the cymbals clang ..."
"closure","NOUN. An event or occurrence that signifies an ending.，A feeling of completeness; the experience of an emotional conclusion, usually to a difficult period.，A device to facilitate temporary and repeatable opening and closing.，An abstraction that represents a function within an environment, a context consisting of the variables that are both bound at a particular time during the execution of the program and that are within the function's scope.，The smallest set that both includes a given subset and possesses some given property.，The smallest closed set which contains the given set.，The act of shutting; a closing.，The act of shutting or closing something permanently or temporarily.，That which closes or shuts; that by which separate parts are fastened or closed.，That which encloses or confines; an enclosure.，A method of ending a parliamentary debate and securing an immediate vote upon a measure before a legislative body.，The phenomenon by which a group maintains its resources by the exclusion of others from their group based on varied criteria. ᵂᵖ，The process whereby the reader of a comic book infers the sequence of events by looking at the picture panels.","/ˈkləʊʒə(r)/","✓","7 THEOREM The closure of any set is the union of the set and the set of its accumulation points.;the closure of a door, or of a chink;The closure of Hammersmith Bridge means road traffic has to use Chiswick and Putney Bridges instead."
"coincide","VERB. To occupy exactly the same space.，To occur at the same time.，To correspond, concur, or agree.","/ˌkəʊɪnˈsaɪd/","✗","The two squares coincide nicely.;The conference will coincide with his vacation.;Our ideas coincide, except in certain areas."
"commencement","NOUN. The first existence of anything; act or fact of commencing; the beginning.，The day when degrees are conferred by colleges and universities upon students and others.，A graduation ceremony, from a school, college or university. Sometimes before the actual graduation.","/kəˈmensmənt/","✓","The time of Henry VII nearly coincides with the commencement of what is termed modern history.;Yet from the commencement of mining there have been unnoble proprietors of mines, who belonged to the class of merchants.;Thanksgiving always falls on a Thursday.  Last year, Commencement fell on June 3."
"compensate","VERB. To do (something good) after (something bad) happens，To pay or reward someone in exchange for work done or some other consideration.，To make up for; to do something in place of something else; to correct, satisfy; to reach an agreement such that the scales are literally or (metaphorically) balanced; to equalize or make even.，To adjust or adapt to a change, often a harm or deprivation.","/ˈkɒmpenseɪt/","✓","It is hard work, but they will compensate you well for it.;His loud voice cannot compensate for a lack of personality.;To compensate me for his tree landing on my shed, my neighbor paved my driveway."
"concatenation","NOUN. A series of links united; a series or order of things depending on each other, as if linked together; a chain, a succession.，The application of these series of links.，The operation of joining multiple character strings.，A character string formed by joining multiple character strings.","/kənˌkætəˈneɪʃn/","✗","A fundamental operation on strings is string concatenation which we will denote by juxtaposition.;The genius of Puritanism, with all its forefixed concatenation of misdeeds and punishments, had served me out properly.;Appending items one at a time is still a better deal than concatenation, which reallocates every time."
"conceive","VERB. To have a child; to become pregnant (with).，To develop; to form in the mind; to imagine.，To imagine (as); to have a conception of; to form a representation of.，To understand (someone).","/kənˈsiːv/","✗","Assisted procreation can help those trying to conceive.;Can you conceive of him as a leader?;for that is the fume of those, that conceive the celestial bodies have more accurate influences upon these things below, than indeed they have"
"congest","NOUN. A farmer whose lands do not support him adequately. VERB. To hinder or block the passage of something moving, for example a fluid, mixture, traffic, people, etc. (due to an excess of this or due to a partial or complete obstruction), resulting in overfilling or overcrowding.","/kənd‍ʒˈɛst/","✗","For quotations using this term, see Citations:congest.;Too many tinygrams can congest a network connection.;He came by car and arrived in New York in four hours, and sometimes it took five hours to congest."
"congestion","NOUN. The hindrance or blockage of the passage of something, for example a fluid, mixture, traffic, people, etc. (due to an excess of this or due to a partial or complete obstruction), resulting in overfilling or overcrowding.，An excess or accumulation of something","/kənˈdʒestʃən/","✓","network congestion;arterial congestion;venous congestion"
"consecutive","ADJ. following, in succession, without interruption，having some logical sequence NOUN. A sequence of notes or chords that results from repeated shifts in pitch of the same interval.，A linguistic form that implies or describes an event that follows temporally from another.，Consecutive interpretation.","/kənˈsekjətɪv/","✗","DDR4, HBM) have overhead associated with consecutive accesses to the same Bank Group;He follows Frédi Kanouté, who achieved the feat in 2006 and 2007 for Sevilla, in scoring in consecutive Uefa Cup/Europa League finals.;It was his 41st goal for England, making him the country's fifth highest international goalscorer and continued an incredible record of scoring in 15 consecutive World Cup and Euro qualifiers.;What marks the consecutive is its special morphology and syntax indicating the temporal succession of actions."
"contiguous","ADJ. Connected; touching; abutting.，Adjacent; neighboring.，Connecting without a break.","/kənˈtɪɡjuəs/","✗","[…] the usual quietness of the day, with us, was broken in upon by the shout of success from the pursuing boats, followed by vehement respondings from the contiguous ship.;the forty-eight contiguous states;Supposing three such houses to be contiguous to a central one, each separated from the latter by a straight wall."
"coordinate","ADJ. Of the same rank; equal. NOUN. A number representing the position of a point along a line, arc, or similar one-dimensional figure.，Something that is equal to another thing.，Coordinated clothes. VERB. To place in the same order or rank.，To synchronize (activities).，To match (objects, especially clothes).","/kəʊˈɔːdɪneɪt/","✗","two coordinate terms;It can be difficult to coordinate movement of both legs after an operation.;I was playing tennis for the first time, and it was difficult to coordinate."
"counterpart","NOUN. Either of two parts that fit together, or complement one another.，A duplicate of a legal document.，One who or that which resembles another.，One who or that which has corresponding functions or characteristics.，Either half of a flattened fossil when the rock has split along the plane of the fossil. VERB. To counterbalance.","/ˈkaʊntəpɑːt/","✗","If “bi now, gay later” is one side of an offensive, disrespectful coin, the LUG (or “lesbian until graduation”) stereotype is its counterpart.;Mr. Obama never found a generational counterpart among conservatives in Congress like Paul D. Ryan or Eric Cantor; instead, there was a mutual animosity.;And so with his writing, which he proudly said was a perfect counterpart of his life. Accident played a major part in both."
"crook","NOUN. A bend; turn; curve; curvature; a flexure.，A bending of the knee; a genuflection.，A bent or curved part; a curving piece or portion (of anything).，A lock or curl of hair.，A support beam consisting of a post with a cross-beam resting upon it; a bracket or truss consisting of a vertical piece, a horizontal piece, and a strut.，A specialized staff with a semi-circular bend (a ""hook"") at one end used by shepherds to control their herds.，A bishop's standard staff of office.，An artifice; a trick; a contrivance.，A person who steals, lies, cheats or does other dishonest or illegal things; a criminal.，A pothook.，A small tube, usually curved, applied to a trumpet, horn, etc., to change its pitch or key. VERB. To bend, or form into a hook.，To become bent or hooked.，To turn from the path of rectitude; to pervert; to misapply; to twist. ADJ. Bad, unsatisfactory, not up to standard.，Ill, sick.，Annoyed, angry; upset. PROPN. A town in County Durham, England.，A village in South Lakeland district, Cumbria, England.，A statutory town in Logan County, Colorado, United States, named after George Crook，An unincorporated community in Osage County, Missouri, United States, so named because of a local merchant's business practices (thus being derived from crook (thief)).，A surname.","/krʊk/","✗","She held the baby in the crook of her arm.;the crook of a cane;Even though I walk through a / valley dark as death / I fear no evil, for thou art with me, / thy staff and thy crook are my / comfort."
"cyan","NOUN. A vibrant pale greenish-blue colour between blue and green in the visible spectrum; the complementary colour of red; the colour obtained by subtracting red from white light. ADJ. Of the colour cyan.","/ˈsaɪæn/","✗","cyan (additive secondary):;cyan (subtractive primary):;By adding and subtracting the three primaries, cyan, yellow, and magenta are produced. These are called subtractive primaries."
"degrade","VERB. To lower in value or social position.，To reduce in quality or purity.，To reduce in altitude or magnitude, as hills and mountains; to wear down.","/dɪˈɡreɪd/","✓","When executing bone scan protocols, it is well for one to be aware of how key deviations from optimal technique can degrade image quality.;As Sallas immediately said, the 130 scabs who so easily replaced the striking printers in '85 won't be foisted upon the union--to degrade it and possibly decertify it.;The Swiftboat strategy aims at hitting the target at his/her perceived area of strength, to discredit and degrade what would have been a political advantage."
"delve","VERB. To dig into the ground, especially with a shovel.，To search thoroughly and carefully for information, research, dig into, penetrate, fathom, trace out，To dig; to excavate. NOUN. A pit or den. PROPN. A surname from Old English.","/delv/","✗","She was intensely eager to delve into the mystery of Mr. Joplin and his brief case.;Let him take off his plates and delve himself, if delving must be done.;I put the clods on top the delve and gave it all a good thumping down with my feet."
"diesel","NOUN. A fuel derived from petroleum (or other oils) but heavier than gasoline/petrol. Used to power diesel engines which burn this fuel using the heat produced when air is compressed.，A vehicle powered by a diesel engine.，A rider who has an even energy output, without bursts of speed.，Synonym of snakebite and black.，A particular cannabis hybrid. VERB. To ignite a substance by using the heat generated by compression.，For a spark-ignition internal combustion engine to continue running after the electrical current to the spark plugs has been turned off. This occurs when there's enough heat in the combustion chamber to ignite the air and fuel mixture without a spark, the same way that heat and pressure cause ignition in a diesel engine.","/ˈdiːzl/","✗","Thumbed a diesel down, outside a cafe.;Bobby thumbed a diesel down, just before it rained.;Yeah MB still does make inline sixes just low volumes (mainly for
Daewoo). Apart from the Diesel engines they build for trucks and buses."
"directive","ADJ. That which directs; serving to direct, indicate, or guide.，Relating to the directive case. NOUN. An instruction or guideline that indicates how to perform an action or reach a goal.，A construct in source code that indicates how it should be processed but is not necessarily part of the program to be run.，An authoritative decision from an official body, which may or may not have binding force.，A form of legislative act addressed to the member states. The directive binds the member state to reach certain objectives in their national legislation.，The directive case.","/dəˈrektɪv/","✗","This door handle must be rotated fully. (the requirement is a directive, necessary to operate the handle);A directive management style is stronger among owners with 'lifestyle' as a business objective than among those with business/economic objectives.;The issue of the directive from the treasury prompted the central bank's most recent issue of currency."
"disband","VERB. To break up or (cause to) cease to exist; to disperse.，To loose the bands of; to set free.，To divorce.","/dɪsˈbænd/","✗","The president wanted to disband the scandal-plagued agency.;Afghanistan: Disarmament programme extendedKabul, October 31, 2007 (IRIN): The government of Afghanistan has extended its programme to disband all illegal armed groups by four years, according to officials.;""How can you disarm and disband an armed group in a rural village where there is no police, no army and no law-enforcing power?"""
"disciple","NOUN. Any of the followers of Jesus Christ.，One of the twelve disciples of Jesus sent out as Apostles.，Short for Disciple of Christ (“member of a particular religious group”).，A person who learns from another, especially one who then teaches others.，An active follower or adherent of someone, or some philosophy etc.，A wretched, miserable-looking man. VERB. To convert (a person) into a disciple.，To train, educate, teach.，To train, educate, teach.
To routinely counsel (one's peer or junior) one-on-one in their discipleship of Christ, as a fellow affirmed disciple.","/dɪˈsaɪpl/","✗","God's disciple and his dearest minion;That I have loved you My most puissant disciple I am the fabric of life and death Humanity has perversed the truth;Ex-King Constantine would be regarded as an apt disciple so long as he succeeded in his purpose of hoodwinking the Allies."
"dissociation","NOUN. The act of dissociating or disuniting; a state of separation; disunion.，The process by which a compound body breaks up into simpler constituents; said particularly of the action of heat on gaseous or volatile substances.，A defence mechanism where certain thoughts or mental processes are compartmentalised in order to avoid emotional stress to the conscious mind.，Feeling of detachment from reality","/dɪˌsəʊsiˈeɪʃn/","✗","the dissociation of the sulphur molecules;the dissociation of ammonium chloride into hydrochloric acid and ammonia;Project MONARCH could be best described as a form of structured dissociation and occultic integration, carried out in order to compartmentalize the mind into multiple personalities within a systematic framework."
"ecstasy","NOUN. Intense pleasure.，A state of emotion so intense that a person is carried beyond rational thought and self-control.，A trance, frenzy, or rapture associated with mystic or prophetic exaltation.，Violent emotion or distraction of mind; excessive grief from anxiety; insanity; madness.，The drug MDMA, a synthetic entactogen of the methylenedioxyphenethylamine family, especially in a tablet form.，A state in which sensibility, voluntary motion, and (largely) mental power are suspended; the body is erect and inflexible;，Alternative letter-case form of ecstasy (“drug”) VERB. To experience intense pleasure.，To cause intense pleasure in.","/ˈekstəsi/","✗","What! are you dreaming, Son! with Eyes cast upwards / Like a mad Prophet in an Ecstasy?;The instant I drew out my case of instruments, the lady roused herself from her ecstasy, and has never had a similar attack.;In ecstasy the mind is absorbed with some fixed idea, generally of a religious character, and the patient becomes oblivious of surrounding events and objects."
"elapse","VERB. To pass or move by.","/ɪˈlæps/","✗","He allowed a month to elapse before beginning the work.;...many years would have to elapse before a sufficient number of cases with presuicide data could be collected.;Post for him for a while: is everything pleased, does not lose weight, does it elapse and sings?"
"explicit","ADJ. Very specific, clear, or detailed.，Containing material (e.g. language or film footage) that might be deemed offensive or graphic. NOUN. The final few words of a text.，Used at the conclusion of a book to indicate the end.","/ɪkˈsplɪsɪt/","✓","Coordinate term: simile (when the similarity is made explicit by the words like or as);I gave explicit instructions for him to stay here, but he followed me, anyway.;The film had several scenes including explicit language and sex."
"fabulous","ADJ. Of or relating to fable, myth or legend.，Characteristic of fables; marvelous, extraordinary, incredible.，Fictional or not believable; made up.，Known for telling fables or falsehoods; unreliable.，Very good; outstanding, wonderful.，Gay or pertaining to gay people.，Camp, effeminate.，Fashionable, glamorous.","/ˈfæbjələs/","✗","Your functions in subtitle translation within YouTube are fabulous!!! ;Sunshine ranks high in the island's greates burger debate, while the chicken egg rolls with mango chutney and jerk mayo and fabulous fish tacos elevate pub grub to an art.;They include fresh noodles, roasted chickens, savory Italian tortas, caponata and other antipasti like roasted onions in balsamic vinegar, crusty walnut breads, biscotti, and fabulous Italian desserts.;Our fabulous new crumpets have been selling like a bomb."
"facilitate","VERB. To make easy or easier.，To help bring about.，To preside over (a meeting, a seminar).","/fəˈsɪlɪteɪt/","✓","It is said to have been labyrinthed by secret exits and cunning contrivances to facilitate the escape of fugitives from the law.;Early in the year the raws were melted to about 20 Brix in order to facilitate filtration.;In order to facilitate taking by the patient, powders are often ordered to be dispensed in cachets."
"feudal","ADJ. Of, or relating to feudalism.","/ˈfjuːdl/","✗","The three estates of feudal lords, clergy and royal officers met in separate chambers, and exercised an advisory role.;If today’s capitalists are mere lazy rentiers who contribute nothing to the production process, don’t they deserve to be downgraded to the status of feudal landlords?;Was he impressed with the cohesion of the Christians among themselves, and by the contrast thus offered to the fissiparous tendencies of his feudal polity?"
"finalize","VERB. To make final or firm; to finish or complete.，To prepare (an object) for garbage collection by calling its finalizer.","/ˈfaɪnəlaɪz/","✗","As soon as we get the plane tickets, we'll finalize our reservations with the hotel.;Select OK on Sensor Setup window to finalize programming.;It remains to finalize all small details and German tank Paten."
"fledge","VERB. To care for a young bird until it is capable of flight.，To grow, cover or be covered with feathers.，To decorate with feathers.，To complete the last moult and become a winged adult insect. ADJ. Feathered; furnished with feathers or wings; able to fly.","/flˈɛd‍ʒ/","✗","But by setting electric fences to protect the chicks from predators in 2021, we were able to confirm 10 chicks fledge from the site.;Puffins roost on the surface of the ocean, and only come on land in order to breed, lay their eggs, incubate them, and raise their chicks until they fledge.;It takes 16 days for chicks to fully fledge, stand on the wing and prepare for independent life."
"floorplan","NOUN. Alternative spelling of floor plan","flˈɔːplən","✓",""
"folklore","NOUN. The tales, legends, superstitions, and traditions of a particular ethnic population.，The tales, superstitions etc. of any particular group or community.，The collective of proofs or techniques which are widely known among mathematicians, but have never been formally published.","/ˈfəʊklɔː(r)/","✗","A selection of longer items of hacker folklore and humor is included in Appendix A, Hacker Folklore.;It's a piece of old folklore for which I would love to find hard proof.;Cf. Sandman, a mythical character in European folklore who puts people to sleep and encourages and inspires beautiful dreams by sprinkling magical sand onto their eyes."
"foreskin","NOUN. The nerve-dense, retractable fold of skin which covers and protects the head of the penis in humans and some other animals.，Ellipsis of clitoral foreskin. VERB. To remove the foreskin.，To sexually stimulate by manipulating the foreskin.","/ˈfɔːskɪn/","✓","The female clitoral hood is homologous with the foreskin.;In primates, the foreskin is present in the genitalia of both sexes and likely has been present for millions of years of evolution.;the foreskin is a primary sensory part of the penis, containing some of the most sensitive areas of the penis"
"foul","ADJ. Covered with, or containing unclean matter; dirty.，Obscene, vulgar or abusive.，Detestable, unpleasant, loathsome.，Disgusting, repulsive; causing disgust.，Ugly; homely; poor.，Unpleasant, stormy or rainy. (of the weather)，Dishonest or not conforming to the established rules and customs of a game, conflict, test, etc.，Entangled and therefore restricting free movement, not clear.，(with ""of"") Positioned on, in, or near enough to (a specified area) so as to obstruct it.，Outside of the base lines; in foul territory. VERB. To make dirty.，To besmirch.，To clog or obstruct.，To entangle.，To make contact with an opposing player in order to gain advantage.，To commit a foul.，To hit outside of the baselines.，To hit a ball outside of the baselines.，To become clogged.，To become entangled.，To come into contact or collide with. NOUN. A breach of the rules of a game, especially one involving inappropriate contact with an opposing player in order to gain an advantage; for example, tripping someone up in soccer, or contact of any kind in basketball.，A (usually accidental) contact between a bowler and the lane before the bowler has released the ball.，A foul ball, a ball which has been hit outside of the base lines.","/faʊl/","✗","This cloth is too foul to use as a duster.;His foul hands got dirt all over the kitchen.;The air was so foul nobody could breathe."
"fulfill","VERB. To satisfy, carry out, bring to completion (an obligation, a requirement, etc.).，To emotionally or artistically satisfy; to develop one's gifts to the fullest.，To obey, follow, comply with (a rule, requirement etc.).，To package, distribute, or ship goods.，To fill full; fill to the utmost capacity; fill up.","/fʊlˈfɪl/","✗","What role does the wax in your earhole fulfill?;You made a promise, son, and now you must fulfill it.;Unfortunately, you don't fulfill the criteria for extra grants at the present time."
"grant","VERB. to give (permission or wish)，To give (bestow upon or confer, particularly in answer to prayer or request)，To agree with (someone) on (something); to accept (something) for the sake of argument; to admit to (someone) that (something) is true.，To assent; to consent. NOUN. The act of granting or giving，The yielding or admission of something in dispute.，The thing or property granted; a gift; a boon.，A transfer of property by deed or writing; especially, an appropriation or conveyance made by the government.，The deed or writing by which such a transfer is made.，An application for a grant (monetary boon to aid research or the like).，A United States fifty-dollar bill. (From the portrait of Ulysses S. Grant featured on them.) PROPN. An English surname transferred from the nickname and a Scottish clan name, from a nickname meaning ""large"".，A male given name transferred from the surname.，A placename
A number of places in the United States:
A town in Marshall County, Alabama.，A placename
A number of places in the United States:
An unincorporated community in Inyo County, California.，A placename
A number of places in the United States:
An unincorporated community in Park County, Colorado.，A placename
A number of places in the United States:
A city in Washington County, Minnesota.，A placename
A number of places in the United States:
A small city, the county seat of Perkins County, Nebraska.，A placename
A number of places in the United States:
An unincorporated community in Hardin County, Ohio.，A placename
A number of places in the United States:
An unincorporated community in Mason County, Washington.，A placename
A number of places in the United States:
A town in Dunn County, Wisconsin.，A placename
A number of places in the United States:
A town in Portage County, Wisconsin.，A placename
A number of places in the United States:
A town in Shawano County, Wisconsin.，A placename
A former rural locality in Barcaldine Region, Queensland, Australia.，A placename
A village in Tolmin, Slovenia，A placename
Ellipsis of Grant Parish.，A placename
Ellipsis of Grant Town.，A placename
Ellipsis of Grant Township.，A placename
A number of places in the United States:
A small city in Montgomery County, Iowa.，A placename
A number of places in the United States:
A small city in Newaygo County, Michigan.，A placename
A number of places in the United States:
A town in Clark County, Wisconsin.，A placename
A number of places in the United States:
A town in Monroe County, Wisconsin.，A placename
A number of places in the United States:
A town in Rusk County, Wisconsin.，A placename
A number of places in the United States:
A large number of townships in the United States, listed under Grant Township.，A placename
The Rural Municipality of Grant No. 372, a rural municipality in Saskatchewan, Canada.，A placename
Ellipsis of Grant City.，A placename
Ellipsis of Grant County.","/ɡrɑːnt/","✗","God, grant me the serenity[…];the grant of permission for a project;I got a grant from the government to study archeology in Egypt."
"hatch","NOUN. A horizontal door in a floor or ceiling.，A trapdoor.，An opening in a wall at window height for the purpose of serving food or other items. A pass through.，A small door in large mechanical structures and vehicles such as aircraft and spacecraft often provided for access for maintenance.，An opening through the deck of a ship or submarine，A gullet.，A frame or weir in a river, for catching fish.，A floodgate; a sluice gate.，A bedstead.，An opening into, or in search of, a mine.，The act of hatching.，Development; disclosure; discovery.，A group of birds that emerged from eggs at a specified time.，The phenomenon, lasting 1–2 days, of large clouds of mayflies appearing in one location to mate, having reached maturity.，A birth, the birth records (in the newspaper). VERB. To close with a hatch or hatches.，To emerge from an egg.，To break open when a young animal emerges from it.，To incubate eggs; to cause to hatch.，To devise (a plot or scheme).，To shade an area of (a drawing, diagram, etc.) with fine parallel lines, or with lines which cross each other (cross-hatch).，To cross; to spot; to stain; to steep. PROPN. A surname.","/hætʃ/","✗","The cook passed the dishes through the serving hatch.;A service hatch with sliding shutter is situated at the end of the kitchen next to the dining compartment.;These pullets are from an April hatch."
"hazard","NOUN. The chance of suffering harm; danger, peril, risk of loss.，An obstacle or other feature which causes risk or danger; originally in sports, and now applied more generally.，An obstacle or other feature that presents a risk or danger that justifies the driver in taking action to avoid it.，A sand or water obstacle on a golf course.，The act of potting a ball, whether the object ball (winning hazard) or the player's ball (losing hazard).，A game of chance played with dice, usually for monetary stakes; popular mainly from 14th c. to 19th c.，Chance.，Anything that is hazarded or risked, such as a stake in gambling.，The side of the court into which the ball is served.，A problem with the instruction pipeline in CPU microarchitectures when the next instruction cannot execute in the following clock cycle, potentially leading to incorrect results. VERB. To expose to chance; to take a risk.，To risk (something); to venture, incur, or bring on. PROPN. A surname.，A home rule city, the county seat of Perry County, Kentucky, United States.","/ˈhæzəd/","✗","He encountered the enemy at the hazard of his reputation and life.;Men are led on from one stage of life to another in a condition of the utmost hazard.;Why, now, blow wind, swell billow, and swim bark! The storm is up and all is on the hazard."
"heinous","ADJ. Totally reprehensible.","/ˈheɪnəs/","✗","I hope they catch the person responsible for that heinous crime.;The perpetrators of this heinous act must be brought to justice.;Perhaps burdened by the weight of history, talk of the heinous 2-2 draw in 2002, or the magnitude of the fixture, Scotland seemed spooked in the early throes."
"heraclitus","PROPN. An Ancient Greek male given name from Ancient Greek, notably borne by Heraclitus of Ephesus, a pre-Socratic Ionian philosopher",",herә'klaitәs","✗",""
"hereby","ADV. Near this place; nearby.，By this means, action or process.","/ˌhɪəˈbaɪ/","✗","I hereby abandon my position as manager.;The rule of law whereby it is a crime for a person to commit suicide is hereby abrogated.;I hereby declare you husband and wife."
"heterogeneous","ADJ. Diverse in kind or nature; composed of diverse parts.，Incommensurable because of different kinds.，Having more than one phase (solid, liquid, gas) present in a system or process.，Visibly consisting of different components.，Of a network comprising different types of computers, potentially with vastly differing memory sizes, processing power and even basic underlying architecture; alternatively, of a data resource with multiple types of formats.","/ˌhetərəˈdʒiːniəs/","✗","Suggests combining multidimensional reconfigurable and heterogeneous architectures for enhanced flexibility.;He had a large and heterogeneous collection of books.;With a vague curiosity I began to trace the outline of some of the heterogeneous impressions, trying meanwhile to curb the flights of macabre fancy which the place and its memories suggested.;Including both factual and fictional books would have reduced the value of the study; it would have made the content too heterogeneous for the drawing of significant conclusions."
"hitherto","ADV. Up to this or that time or point.","/ˌhɪðəˈtuː/","✗","The exhaustless conjecturings of that evening's full conversation, made such of the small party, as had hitherto been strangers, well acquainted with each other's turn of mind[…];The history of all hitherto existing society is the history of class struggles.;The results of this study argue for a greater endonormativity in Indian English than has hitherto been recognised."
"hover","VERB. To keep (something, such as an aircraft) in a stationary state in the air.，Of a bird: to shelter (chicks) under its body and wings; (by extension) of a thing: to cover or surround (something).，Of a bird or insect: to flap (its wings) so it can remain stationary in the air.，To remain stationary or float in the air.，Sometimes followed by over: to hang around or linger in a place, especially in an uncertain manner.，To be indecisive or uncertain; to vacillate, to waver.，Chiefly followed by over: to use a mouse or other device to place a cursor over something on a screen such as a hyperlink or icon without clicking, so as to produce a result (such as the appearance of a tooltip).，To travel in a hovercraft as it moves above a water surface. NOUN. An act, or the state, of remaining stationary in the air or some other place.，A flock of birds fluttering in the air in one place.，An act, or the state, of being suspended; a suspension.，A cover; a protection; a shelter; specifically, an overhanging bank or stone under which fish can shelter; also, a shelter for hens brooding their eggs. PROPN. A surname.","/ˈhɒvə(r)/","✓","A tooltip appears when you hover over this link.;Without the Chop Chop Chop Chop Cowville seems almost normal: no hover of helicopters, no leap of leopards.;Up on the downs the red-eyed kestrels hover,
Eyeing the grass.
The field mouse flits like a shadow into cover
As their shadows pass."
"implication","NOUN. The act of implicating.，The state of being implicated.，A possible effect or result of a decision or action.，An implying, or that which is implied, but not expressed; an inference, or something which may fairly be understood, though not expressed in words.，The connective in propositional calculus that, when joining two predicates A and B in that order, has the meaning ""if A is true, then B is true"".，Logical consequence.","/ˌɪmplɪˈkeɪʃn/","✗","The implication is that the Gandhian model of growth is possible, now that Nehru's investment strategy had already laid a strong foundation for economic growth.;We use ""coprophagy"" as the simplest available general term to describe ingestion of the feces, without any implication of cause, circumstances, or the origin or nature of fecal material consumed.;Gradually the implication of biblical monotheism created an entailment of singularity and monogamy in sexual relations."
"in line with","X. in agreement or accordance with","","✗",""
"incognito","ADJ. Without being known; in an assumed character, or under an assumed title; in disguise. ADV. Without revealing one's identity. NOUN. One unknown or in disguise, or under an assumed character or name.，The assumption of disguise or of a feigned character; the state of being in disguise or not recognized.","/ˌɪnkɒɡˈniːtəʊ/","✗","His keynote speech was delivered on his arrival, incognito, in al-Kufah, which at the time was a focus of Khariji dissidence.;1864,, William Stephens Hayward, Revelations of a Lady Detective, short story ""Incognito"", George Vickers, Strand
I pulled the check-string, and gave him [the coachdriver] his instructions.;But we would submit that it is going much too far to claim that all secularization arises from biblical influences—albethey indirect or incognito in many cases."
"indefinitely","ADV. In a manner that is not definite.，For a long time, with no defined end.，Forever.","/ɪnˈdefɪnətli/","✗","an indefinitely determined fossil;... while the planned hourly fast 'Connect' service from Middlesbrough to Newcastle has been postponed indefinitely due to problems in finding paths for it on the East Coast main line.;Latex paint won't keep indefinitely."
"inference","NOUN. The act or process of inferring by deduction or induction.，That which is inferred; a truth or proposition drawn from another which is admitted or supposed to be true; a conclusion; a deduction.","/ˈɪnfərəns/","✓","Spector (2006, 2007) suggests to derive this inference as a scalar implicature.;The Indians, making a hasty inference from a trivial phenomenon, arrived unawares at a probably correct conclusion.;If there be no prospect beyond the grave, the inference is certainly right, ""Let us eat and drink, for to-morrow we die."""
"intact","ADJ. Left complete or whole; not touched, defiled, sullied or otherwise damaged.，virgin, having an intact hymen，uncircumcised, having an intact foreskin，not castrated","/ɪnˈtækt/","✓","I packed my belongings carefully so that they would survive the move intact.;She hadn't been... molested? No, no, nothing like that. I have examined her. She is quite intact.;an intact bull"
"interdependent","ADJ. Mutually dependent; reliant on one another.","/ˌɪntədɪˈpendənt/","✗","All life on our planet exists only because we are enmeshed within a complex web of interdependent ecological and social systems.;In the United States, trans-metropolitan areas are referred to as megapolitans, large urban regions with physically interconnected metropolitan and micropolitan areas through transportation networks, constituting a functionally interdependent urban network[…].;The interaction of discourses is dynamic, interdependent, ""interanimate,"" and ""interilluminating."""
"intricacy","NOUN. The state or quality of being intricate or entangled.，Perplexity，Something which is intricate or complex.","/ˈɪntrɪkəsi/","✗","the intricacy of a knot;the intricacy of accounts;the intricacy of a cause in controversy"
"ladybug","NOUN. Synonym of ladybird.","/lˈe‍ɪdɪbˌʌɡ/","✗","It was seldom that Mrs. Ladybug hesitated to speak her mind right out to a person if she happened to disapprove of him.;Master class for children - ladybug To create God's cows, we will need the following materials: Cardboard sheet.;Beautifully ladybug will look at a leaflet of green paper."
"leverage","NOUN. A force compounded by means of a lever rotating around a pivot; see torque.，Any influence which is compounded or used to gain an advantage.，The use of borrowed funds with a contractually determined return to increase the ability to invest and earn an expected higher return, but usually at high risk.，The debt-to-equity ratio.，The ability to earn very high returns when operating at high-capacity utilization of a facility. VERB. To use; to exploit; to manipulate in order to take full advantage (of something).","/ˈliːvərɪdʒ/","✓","A crowbar uses leverage to pry nails out of wood.;Try using competitors’ prices for leverage in the negotiation.;Leverage is great until something goes wrong with your investments and you still have to pay your debts."
"liability","NOUN. An obligation, debt or responsibility owed to someone.，An obligation, debt or responsibility owed to someone.
Any item recorded on the right-hand side of a balance sheet.，A handicap that holds something back, a drawback, someone or something that is a burden to whoever is required to take care of them; an individual or action that exposes others to greater risk.，A handicap that holds something back, a drawback, someone or something that is a burden to whoever is required to take care of them; an individual or action that exposes others to greater risk.
A person on a team that is more of a hindrance than a help.，The likelihood of something happening.，The condition of being susceptible to something.","/ˌlaɪəˈbɪləti/","✓","For example, a no liability company must include in its name the words “No Liability” or its abbreviation “NL” as a warning to persons dealing with such a company.;You're a bloody liability sometimes!;Coordinate term: liability"
"lobby","NOUN. An entryway or reception area; vestibule; passageway; corridor.，That part of a hall of legislation not appropriated to the official use of the assembly.，A class or group of interested people who try to influence public officials; collectively, lobbyists.，A virtual area where players can chat and find opponents for a game.，An apartment or passageway in the fore part of an old-fashioned cabin under the quarter-deck.，A confined place for cattle, formed by hedges, trees, or other fencing, near the farmyard.，A margin along either side of the playing field in the sport of kabaddi.，A waiting area in front of a bank of elevators.，lobscouse VERB. To attempt to influence (a public official or decision-maker) in favor of a specific opinion or cause.","/ˈlɒbi/","✗","I had to wait in the lobby for hours before seeing the doctor.;The influence of the tobacco lobby has decreased considerably in the US.;For years, pro-life groups have continued to lobby hard for restrictions on abortion."
"lotus","NOUN. A kind of aquatic plant, genus Nelumbo in the family Nelumbonaceae.，A water lily, genus Nymphaea, especially those of Egypt or India.，A legendary plant eaten by the Lotophagi of the Odyssey that caused drowsiness and euphoria.，A number of other plants bearing lotus in their scientific or common names (see Derived terms below).
Diospyros lotus, date plum or Caucasian persimmon.，A number of other plants bearing lotus in their scientific or common names (see Derived terms below).
Lotus, a terrestrial genus with small flowers that includes bird's-foot trefoils and deervetches.，A number of other plants bearing lotus in their scientific or common names (see Derived terms below).
Ziziphus lotus, a shrub species with edible fruit.，An architectural motif of ancient Egyptian temples. PROPN. A British manufacturer of cars.，A few places in the United States:
An unincorporated community in El Dorado County, California. Former names: Marshall and Uniontown.，A few places in the United States:
An unincorporated community and former village on Merritt Island, Brevard County, Florida.，A few places in the United States:
An unincorporated community in Union County, Indiana.，A few places in the United States:
An unincorporated community in Bullitt County, Kentucky.","/ˈləʊtəs/","✗","2007, Tim Speed, Brad Schauf, Dick McCarrick, Lotus Notes Domino 8: Upgrader's Guide:;I told him how much I'd liked my fish course, a black sea bass fillet with pickled lotus root and huitlacoche sauce […];The visit to Pushkar is, however, a little more than the obligatory obeisance done at the site where Brahma carelessly dropped a lotus blossom as he was wondering where to perform a yagnya."
"macaque","NOUN. Any of a group of Old World monkeys of the subfamily Cercopithecinae, especially genus Macaca.","/məˈkæk/","✗","Other antigen positive tissues common to both the hemorrhagic variola macaque model and the MPXV marmoset models include epithelial, testicular, adrenocortical, and hepatic, as well as endothelial cell immunopositivity.;Additionally, DNA of following species not covered by the assay was tested to exclude cross-reactivity: macaque, budgerigar, pogona, and carp.;Experiments in the macaque show that eye movement speed can be >20% higher when the target is rewarded compared with nonrewarded (Bendiksby and Platt 2006)."
"machete","NOUN. A sword-like tool used for cutting large plants with a chopping motion, or as a weapon. The blade is usually 50 to 65 centimeters long, and up to three millimeters thick.，A small stringed instrument from Madeira, Portugal, having a double bulged body, traditionally of wood, with a small rib and four metallic strings, sometimes attached by wooden pegs. VERB. To cut or chop with a machete.，To hack or chop crudely with a blade other than a machete.","/məˈʃeti/","✗","You can't just machete about with a rapier and expect to succeed; you need to thrust properly.;(A normal person with a machete in her tumtum, that is.);Remember that crazy-funny fake trailer for the nonexistent ’70s Mexploitation flick Machete that preceded the “Planet Terror” segment of Grindhouse a few years back?"
"magnify","VERB. To praise, glorify (someone or something, especially God).，To make (something) larger or more important.，To make (someone or something) appear greater or more important than it is; to intensify, exaggerate.，To make (something) appear larger by means of a lens, magnifying glass, telescope etc.，To have effect; to be of importance or significance.","/ˈmæɡnɪfaɪ/","✗","St. Paul chose to magnify his office when ill men conspired to lessen it.;Our burning-glass also now became a great treasure, as it enabled me to magnify, and so perceive more clearly […].;magnify something a billionfold"
"maniac","NOUN. An insane person, especially one who suffers from a mania.，A fanatic, a person with an obsession.","/ˈmeɪniæk/","✗","She was driving like a maniac.;He's a manga maniac.;She's a maniac, maniac on the floor / And she's dancing like she never danced before"
"markup","NOUN. The percentage or amount by which a seller hikes up his buy-in price when determining his selling price.，An increase in price.，The notation that is used to indicate the meaning of the elements in an electronic document, or to dictate how text should be displayed.，The process by which proposed legislation is debated and amended.","/ˈmɑːkʌp/","✗","You don’t make much money selling gas because the markup is so low.;There will be a markup on those products next week; better buy them now.;For example, a filename of “home.html” would be appropriate for an ASCII/text file containing HTML markup."
"mascara","NOUN. A cosmetic used to darken and thicken the eyelashes. VERB. To apply mascara to the eyelashes PROPN. A city and provincial capital in northwestern Algeria.，A province of Algeria","/mæˈskɑːrə/","✗","apply mascara;put on mascara;mascara runs"
"materialism","NOUN. Constant concern over material possessions and wealth; a great or excessive regard for worldly concerns.，The philosophical belief that nothing exists beyond what is physical.，Material substances in the aggregate; matter.","/məˈtɪəriəlɪzəm/","✓","As with Deism and Materialism, the German Rationalism invaded the department of Biblical exegesis.;What is called spiritualism should, I think, be called a mental species of materialism.;[…] is it not melancholy to hear a man like Steffens somniloquise in such a mystifying cant of Hylozoism, of Pickism, a hodge-podge of the grossest materialism, and the most fantastic yet maudlin moonery?"
"mitigate","VERB. To reduce, lessen, or decrease; to make less severe or easier to bear.，To downplay.","/ˈmɪtɪɡeɪt/","✗","Now that we know what some of the contributing factors to poor memory bandwidth let's discuss some options available to mitigate them.;The absentaneous nature of the job tended to mitigate expectations of single site employment.;Measures are pursuing to prevent or mitigate the usual consequences of such outrages, and with the hope of their succeeding at least to avert general hostility.;Then they tell us that vaccination will mitigate the disease that it will make it milder."
"monarchy","NOUN. A government in which sovereignty is embodied within a single, today usually hereditary head of state (whether as a figurehead or as a powerful ruler).，The territory ruled over by a monarch; a kingdom.，A form of government where sovereignty is embodied by a single ruler in a state and his high aristocracy representing their separate divided lands within the state and their low aristocracy representing their separate divided fiefs.，States based on a system of governance headed by a king or a queen.","/ˈmɒnəki/","✗","An absolute monarchy is a monarchy where the monarch is legally the ultimate authority in all temporal matters.;The arms of Upland were a ""golden apple,"" or globe, surrounded with a belt, in allusion to the monarchy.;In ſhort, the Rebellion had been Cruſh'd in the Egg; and One Seaſonable Act of Rigour, had Sav'd the King, the Monarchy, the Church, and the Three Kingdoms."
"negation","NOUN. The logical operation which obtains such (negated) propositions.，A denial or contradiction.，The act of negating something.，A proposition which is the contradictory of another proposition and which can be obtained from that other proposition by the appropriately placed addition/insertion of the word ""not"". (Or, in symbolic logic, by prepending that proposition with the symbol for the logical operator ""not"".)","/nɪˈɡeɪʃn/","✗","Negation is a unary operation.;You get the negation of a proposition if you insert ""not"" (or some equivalent expression) into it in such a way as to form a contradictory of it.;This negation has sometimes been no less “annihilationist” than classical anti-Semitism, because, at least potentially, it serves to justify the elimination of the State of Israel."
"nuance","NOUN. A minor distinction.，Subtlety or fine detail. VERB. To apply a nuance to; to change or redefine in a subtle way.","/ˈnjuːɑːns/","✗","Even with the nuance, the vote was a momentous step for a church that has been mired in intrafactional warfare over homosexuality for more than a decade.;If we look at it in this way, the requirement of red-handedness sinks somewhat into the background, and the expression acquires a rather different nuance: furtum manifestum means a clearly-proven theft.;When it came to food, Melissa preferred subtle nuance and lighthanded seasoning."
"overwhelm","VERB. To engulf, surge over and submerge.，To overpower, crush.，To overpower emotionally.，To cause to surround, to cover. NOUN. The state or condition of being overwhelmed.","/ˌəʊvəˈwelm/","✗","I lay Turpentine all over the same: then I overwhelm a broader pipe about the first;The fact is, that full permeation and understanding of an overwhelm or trauma makes it cease as an overwhelm or trauma.;And what you’re feeling is normal in a dangerous situation — overwhelm and guilt when someone is harmed."
"parcel","NOUN. A package wrapped for shipment.，An individual consignment of cargo for shipment, regardless of size and form.，An individual item appearing on an invoice or receipt (only in the phrase bill of parcels).，A division of land bought and sold as a unit.，A group of birds.，An indiscriminate or indefinite number, measure, or quantity; a collection; a group.，A small amount of food that has been wrapped up, for example a pastry.，A portion of anything taken separately; a fragment of a whole; a part. VERB. To wrap something up into the form of a package.，To wrap a strip around the end of a rope.，To divide and distribute by parts or portions; often with off, out or into.，To add a parcel or item to; to itemize. ADV. Part or half; in part; partially.","/ˈpɑːsl/","✗","I saw a brown paper parcel on my doorstep.;I own a small parcel of land between the refinery and the fish cannery.;A certain piece of land is part and parcel of another piece."
"part and parcel","NOUN. An integral or essential piece; that which must be done or accepted as part of something else.","","✗",""
"particularity","NOUN. A particular thing.，A distinctive characteristic or quality; a peculiarity.，A particular case or matter.，The condition of being particular rather than general or universal; specificity.
The doctrine of the incarnation of God as Jesus occurring at a particular place and time.，The condition of being particular rather than general or universal; specificity.
Synonym of particularism (“the principle that only certain people are chosen by God for salvation”)，Attention to detail; fastidiousness.，The condition of being special; peculiarity, specialness.，The condition of being special in an unexpected way; oddness, strangeness; (countable) an instance of this.，The paying of particular close attention to someone; (countable) an instance of this.","/pəˌtɪkjəˈlærəti/","✗","Donny’s obsession for trains is just a harmless particularity of his.;The one thing left to serve as the cause of its particularity is the fact of its yonderness, i. e., the fact that it has a particular spatial and temporal meaning.;This ""particularity"" is not absolute, and it must be a temporarily ""footing."""
"permeate","VERB. To pass through the pores or interstices of; to penetrate and pass through without causing rupture or displacement; applied especially to fluids which pass through substances of loose texture，To enter and spread through; to pervade. NOUN. A watery by-product of milk production.，Liquid that has passed through a filtration system.","/ˈpɜːmieɪt/","✗","Hence the vapor, so useful in expanding the compressed tissues and enabling the air to permeate and expand the contracted parenchyma in consumption, causes a sensation of great fatigue in asthma.;For Groddeck, the it is given, unknowable, and he does not try to conceptualize drives or forces. Early life and sexuality permeate […];""Pick up your toys"" takes a parental blowhorn to permeate the brain of a young child."
"pessimistic","ADJ. Marked by pessimism and little hopefulness; expecting the worst.，Pertaining to the worst-case scenario.，Taking out exclusive locks on data to prevent conflicts with other processes that might modify it.","/ˌpesɪˈmɪstɪk/","✗","a pessimistic view of the future;a pessimistic estimate;pessimistic concurrency; pessimistic locking"
"plausible","ADJ. Seemingly or apparently valid, likely, or acceptable; conceivably true or likely.，Obtaining approbation; specifically pleasing; apparently right; specious.，Worthy of being applauded; praiseworthy; commendable; ready.","/ˈplɔːzəbl/","✗","a plausible excuse;a plausible pretext; plausible manners; a plausible delusion;[…] a coachman named Richard, who was described as a ""sensible, well-behaved yellow boy, who is plausible and can read and write."""
"portal","NOUN. An entrance, entry point, or means of entry.，A website or page that acts as an entrance to other websites or pages on the Internet.，A short vein that carries blood into the liver.，A magical or technological doorway leading to another location, period in time or dimension.，A lesser gate, where there are two of different dimensions.，Formerly, a small square corner in a room separated from the rest of an apartment by wainscoting, forming a short passage to another apartment.，A grandiose and often lavish entrance.，The space, at one end, between opposite trusses when these are terminated by inclined braces.，A prayer book or breviary; a portass. ADJ. Of or relating to a porta, especially the porta of the liver. VERB. To use a portal (magical or technological doorway). PROPN. A ghost town in California.，A town in Georgia, United States.，A municipality of North Dakota.，A surname.","/ˈpɔːtl/","✓","The local library, a portal of knowledge.;The new medical portal has dozens of topical categories containing links to hundreds of sites.;the portal vein"
"postulate","NOUN. Something assumed without proof as being self-evident or generally accepted, especially when used as a basis for an argument. Sometimes distinguished from axioms as being relevant to a particular science or context, rather than universally true, and following from other axioms rather than being an absolute assumption.，A fundamental element; a basic principle.，An axiom.，A requirement; a prerequisite. ADJ. Postulated. VERB. To assume as a truthful or accurate premise or axiom, especially as a basis of an argument.，To appoint or request one's appointment to an ecclesiastical office.，To request, demand or claim for oneself.","/ˈpɒstʃəleɪt/","✗","[T]he attempt to arrive at a physical explanation of existence led the Ionian thinkers to postulate various primal elements or simply the infinite τὸ ἀπειρον.;Other studies postulate that dogs practice coprophagy in an attempt to conserve digestive enzymes, in particular protelytic enzymes and amylase (McCuistion, 1966).;Some postulate that after a nuclear war, humanity would fall into a state of barbarianism."
"prevalent","ADJ. Widespread or preferred.，Superior in frequency or dominant. NOUN. A species that is prevalent in a certain area.","/ˈprevələnt/","✓","[In] May, there was, at London and in its neighbourhood, a disease very epidemic, though not fatal, which had some time before been very prevalent both in Italy and Germany.;The species I found to be most prevalent on the Spring Green study site were compared with lists of prevalents in compositionally related communities of Wisconsin developed by Curtis (1959).;On average, blues and other dilutes have weaker coats and skin problems seem more prevalent in the dilutes."
"profound","ADJ. Descending far below the surface; opening or reaching to great depth; deep.，Very deep; very serious，Intellectually deep; entering far into subjects; reaching to the bottom of a matter, or of a branch of learning; thorough，Characterized by intensity; deeply felt; pervading，Bending low, exhibiting or expressing deep humility; lowly; submissive NOUN. The deep; the sea; the ocean.，An abyss. VERB. To cause to sink deeply; to cause to dive or penetrate far down.，To dive deeply; to penetrate.","/prəˈfaʊnd/","✗","a profound investigation;a profound scholar;profound wisdom"
"proposition","NOUN. The act of offering (an idea) for consideration.，An idea or a plan offered.，The terms of a transaction offered.，In some states, a proposed statute or constitutional amendment to be voted on by the electorate.，A complete sentence.，The content of an assertion that may be taken as being true or false and is considered abstractly without reference to the linguistic sentence that constitutes the assertion; (Aristotelian logic) a predicate of a subject that is denied or affirmed and connected by a copula.，An assertion so formulated that it can be considered true or false.，An assertion which is provably true, but not important enough to be called a theorem.，A statement of religious doctrine; an article of faith; creed.，The part of a poem in which the author states the subject or matter of it.，Misspelling of preposition. VERB. To make a suggestion of sexual intercourse to (someone with whom one is not sexually involved).，To make an offer or suggestion to (someone).","/ˌprɒpəˈzɪʃn/","✗","For example, one-part versions of the proposition ""The doctor pursued the lawyer"" were ""The doctor verbed the object,"" ...;Our English nouns remain unchanged, whether they form the subject or the object of a proposition.;“Wiktionary is a good dictionary” is a proposition."
"protract","VERB. To draw out; to extend, especially in duration.，To draw to a scale; to lay down the lines and angles of, with scale and protractor; to plot.，To extend; to protrude.，To put off to a distant time; to delay; to defer.，To use a protractor.","/prəˈtrækt/","✗","A cat can protract and retract its claws.;to protract a decision or duty;Then, since I’m sure to meet my Fate,
How vain would Hope appear?
Since Fear cannot protract the Date,
How foolish ’twere to fear?"
"provoke","VERB. To cause someone to become annoyed or angry.，To bring about a reaction.，To appeal.","/prəˈvəʊk/","✗","Not that the doctor was a bully, or even pugnacious, in the usual sense of the word; he had no disposition to provoke a fight, no propense love of quarrelling.;They rightly say that attacks against prostitute women are common and that it's only when five are murdered in one place that it starts to provoke debate.;Don't provoke the dog; it may try to bite you."
"pseudo","NOUN. An intellectually pretentious person; a pseudointellectual.，A poseur; one who is fake.，pseudo-city code，A pseudonym; a false name used for online anonymity.，Clipping of pseudoephedrine. ADJ. Other than what is apparent; spurious; sham.，Insincere.","/sˈuːdə‍ʊ/","✗","In VU+ HBM, there is a hardened AXI Switch which enables access from any of the 32 AXI channels to any of the HBM pseudo channels and addressable memory. ;The telltale sign of a pseudo intellectual is the superficial sprinkling and misuse of terms like ""paradigm shift"" and name dropping;As suggested in [3], space can be saved by using a deterministic pseudo random number generator (PRNG) and storing only the seed of that PRNG.;Simple random samples were chosen from an ordered list with the aid of a Pseudo Random Digit Generator affiliated with the Computer Data Corporation Fortran Compiler."
"quartet","NOUN. A group of four people or things, particularly
A group of four musicians who perform classical music together.，A group of four people or things, particularly
A musical composition in four parts, each performed by a single voice or instrument.，A group of four people or things, particularly
A group of four singers, usually males, who sings together in four-part harmony.，A group of four people or things, particularly","/kwɔːˈtet/","✗","The string quartet played some chamber music.;He composed a string quartet.;The barbershop quartet performed the composition a capella."
"quorum","NOUN. The minimum number of members required for a group to officially conduct business and to cast votes, often but not necessarily a majority or supermajority.，A selected body of persons.","/ˈkwɔːrəm/","✗","We can discuss the issue tonight, but cannot vote until we have a quorum.;If one is praying without a minyan (quorum), he should not say Hashem, Hashem in the manner of supplication but rather should read it in a cantillatory style.;In addition, some roseobacters have been shown to utilize other signaling molecules apart from AHLs in quorum sensing, i.e. tropodithietic acid (TDA) (Geng and Belas 2010a)."
"redundant","ADJ. Superfluous; exceeding what is necessary, no longer needed.，Repetitive or needlessly wordy.，Dismissed from employment because no longer needed.，Duplicating or able to duplicate the function of another component of a system, providing backup in the event the other component fails.","/rɪˈdʌndənt/","✗","In the living state, the body is observed to receive aliment; to assimilate a part; to evacuate what is redundant or useless; …;Four employees were made redundant.;The two lines are mainly used for redundant and therefore fault-tolerant message transmission, but they can also transmit different messages."
"refurbish","VERB. To rebuild or replenish with all new material; to restore to original (or better) working order and appearance.","/ˌriːˈfɜːbɪʃ/","✗","An RPS is a network of transportation logistics and processing functions that collect, recycle, refurbish, and demanufacture end-of-life products.;Early firees Bradford and Stacie J. returned, and the teams competed to see which could refurbish a house better to improve its value on the market.;The Highways Agency plan to close J10 of the M5 to refurbish the motorway bridge."
"render","VERB. To cause to become.，To interpret, give an interpretation or rendition of.，To translate into another language.，To pass down.，To make over as a return.，To give; to give back; to deliver.，To give up; to yield; to surrender.，To transform (a model) into a display on the screen or other media.，To capture and turn over to another country secretly and extrajudicially.，To convert waste animal tissue into a usable byproduct.，To have fat drip off meat from cooking.，To cover a wall with a layer of plaster.，To pass; to run; said of the passage of a rope through a block, eyelet, etc.，To yield or give way.，To return; to pay back; to restore.，To inflict, as a retribution; to requite. NOUN. Stucco or plaster applied to walls (mostly to outside masonry walls).，A digital image produced by rendering a model.，A surrender.，A return; a payment of rent.，An account given; a statement.，One who rends. PROPN. A surname.","/ˈrendə(r)/","✓","we may, at last, render our philosophy like that of Epictetus;to render Latin into English;render a verdict (i.e., deliver a judgment)"
"repository","NOUN. A location for storage, often for safety or preservation.","/rɪˈpɒzətri/","✓","Any number of people can be reading from a given repository at a time.;This simulation aims at describing the hydrological conditions at a Swedish deep repository of nuclear waste during a glaciation.;In this model, anyone can fork an existing repository and push changes to their personal fork."
"revert","NOUN. One who, or that which, reverts.，One who reverts to that religion which one had adhered to before having converted to another.，A convert to Islam.，The act of reversion (of e.g. a database transaction or source control repository) to an earlier state.，The skateboard maneuver of rotating the board 180 degrees or more while the wheels remain on the ground. VERB. To cause to return to a former condition.，To return to the possession of.，To return to the possession of.
Of an estate: To return to its former owner, or to his or her heirs, when a grant comes to an end.，To turn back, or turn to the contrary; to reverse.，To throw back; to reflect; to reverberate.，To return; to come back.，To cause (a property or rights) to return to the previous owner.，To return to a former practice, condition, belief, etc.，To reply (to correspondence, etc.).，To treat (a series, such as y=a+bx+cx²+⋯, where one variable y is expressed in powers of a second variable x), so as to find the second variable x expressed in a series arranged in powers of y.，To convert to Islam.，To return to an earlier or primitive type or state; to take on the traits or characters of an ancestral type.，To change back, as from a soluble to an insoluble state or the reverse.，To take up again or return to a previous topic.","/rɪˈvɜːt/","✗","Zeba Siddiqui, herself a revert and editor of the Parent's Manual: A Guide for Muslim Parents Living in North America, contributed to this book as a consultant.;Parents should not reject a proposal without good reason — and being a revert with a past is not an acceptable one.;When a book goes out of print, rights revert from the publisher to the author."
"ridicule","VERB. to criticize or disapprove of someone or something through scornful jocularity; to make fun of NOUN. derision; mocking or humiliating words or behaviour，An object of sport or laughter; a laughing stock.，The quality of being ridiculous; ridiculousness.，A small woman's handbag; a reticule. ADJ. ridiculous","/ˈrɪdɪkjuːl/","✗","Safe from the Bar, the Pulpit, and the Throne, / Yet touch'd and sham'd by Ridicule alone.;[Marlborough] was so miserably ignorant, that his deficiencies made him the ridicule of his contemporaries.;late 17th century, John Aubrey, Brief Lives
This action […] became so ridicule."
"rite","NOUN. A religious custom.，A prescribed behavior.，Informal spelling of right.
used in unique spellings of company brand names，Informal spelling of right.
part of the contraction and interjection amirite，Informal spelling of right. ADJ. Informal spelling of right. ADV. Informal spelling of right. INTJ. Informal spelling of right.","/raɪt/","✗","He's rite, you know.;It's rite next to my house.;Rite, let's do it."
"safari","NOUN. A trip into any undeveloped area to see, photograph or hunt wild animals in their own environment.，A caravan going on a safari.，Any trip for the purpose of discovering something new or acquiring prizes or trophies. VERB. To take part in a safari.","/səˈfɑːri/","✗","We're going on a safari in Kenya.;An ardent junker herself, Mrs. Egge tells how to conduct a fascinating junk safari into the attic or antique and secondhand shops and what to do with the trophies you bring home.;Come on, boy, move that body/ 'Cause tonight I'm naughty, naughty/ Dance with me like it's my party/ We go wild, we're in safari"
"sake","NOUN. cause, interest or account，purpose or end; reason，the benefit or regard of someone or something，contention, strife; guilt, sin, accusation or charge，Alternative spelling of saké","/seɪk/","✗","For the sake of argument;For old times' sake;2005, Plato, Sophist. Translation by Lesley Brown. 242a-b.
But it will be for your sake that we'll undertake to refute this thesis, […]"
"saudi","NOUN. A person from Saudi Arabia or of Saudi Arabian descent. ADJ. From, or pertaining to Saudi Arabia, the Saudi Arabian people or language. PROPN. Short for Saudi Arabia.","/ˈsaʊdi/","✓","The agal he wore on his head gave him away as a Saudi.;June 22 2008, Sebastian Abbot, Oil minister: Saudi willing to increase crude output, Associated Press:;2000, Thomas C. Barger, Timothy J. Barger, Out in the Blue: Letters from Arabia, 1937 to 1940 : a Young American Geologist Explores the Deserts of Early Saudi Arabia, →ISBN:"
"scenario","NOUN. An outline of the plot of a dramatic or literary work.，A screenplay itself, or an outline or a treatment of it.，An outline or model of an expected or supposed sequence of events.","/səˈnɑːriəʊ/","✓","Hearts were keen to avoid a repeat of the scenario at this stage of last season's competition, when they found themselves two goals down inside the opening quarter of an hour.;Warnock admitted it would be the ideal scenario if he received a Carling Cup winners' medal as well as an England call-up[…].;In this scenario, the growth rates are higher for the economic tigers than for the other economies."
"sectarianism","NOUN. Rigid adherence to a particular sect, denomination, ideology, or party.，A political system in which power is shared among religious sects based on a constitutional formula distributing public offices among these sects","/sekˈteəriənɪzəm/","✗","They were discussing sectarianism between Shias and Sunnis.;In Lebanese sectarianism, one half of the members of parliament are Christians and the other half are Muslims.;The entire path (Dhamma) is a universal remedy for universal problems and has nothing to do with any organized religion or sectarianism."
"sphinx","NOUN. A creature with the head of a person and the body of an animal (commonly a lion).，A person who keeps his/her thoughts and intentions secret; an enigmatic or impassive person.，A mandrill (Mandrillus sphinx), formerly classified as a baboon, and called sphinx baboon.，A sphinx moth.，A sphincter. VERB. To decorate with sphinxes.，To adopt the posture of the Sphinx.，To be inscrutable, often through silence.，To behave in a manner characteristic of the Sphinx. PROPN. An ancient, large statue in Egypt, with the face of a man and the body of a lion, lying near the Great Pyramids.，One of the many offspring of Typhon and Echidna, a winged lion-like creature with a woman's face, who committed suicide out of frustration after Oedipus managed to solve her riddles.","/sfɪŋks/","✗","The secret of Man's Being is still like the Sphinx's secret: a riddle that he cannot rede.;Some consider the defacement of the Sphinx to be the most egregious crime of Napolean's campaigns.;Sara, oh Sara / Scorpio Sphinx in a calico dress"
"submission","NOUN. The act of submitting or yielding; surrender.，The act of submitting or giving e.g. a completed piece of work.，The thing which has been submitted.，A submission hold in wrestling, mixed martial arts, or other combat sports.，A subset or component of a mission.","/səbˈmɪʃn/","✗","The Baronies appear to have been formed successively on the submission of the Irish chiefs... the territory of each constituting a barony.;The most usuall way to appease those minds we have offended […] is, by submission to move them to commiseration and pitty.;Ovid might have evaded her entreaties by means of an excuse. But her eyes were irresistible: they looked him into submission in an instant."
"subsequent","ADJ. Following in time; coming or being after something else at any time, indefinitely.，Following in order of place; succeeding.，Following a line in the earth that is more easily eroded. NOUN. A subsequent stream or faultline.","/ˈsʌbsɪkwənt/","✓","Growth was dampened by a softening of the global economy in 2001, but picked up in the subsequent years due to strong growth in China.;On 2 March, Chinese border guards with the help of regular PLA forces skillfully ambushed Strelnikov's unit on the ice near Chen Pao, killing him and 30 Soviets in the subsequent skirmish.;The peculiar position of the subsequent Derwent, close to the sea, suggests some glacial interference with normal adjustments, and calls for special explanation."
"suite","NOUN. A group or train of attendants, servants etc.; a retinue.，A connected series or succession of objects; a number of things used or classed together.，A group of connected rooms, usually separable from other rooms by means of access.，A musical form, popular before the time of the sonata, consisting of a string or series of pieces all in the same key, mostly in various dance rhythms, with sometimes an elaborate prelude.，An excerpt of instrumental music from a larger work that contains other elements besides the music; for example, the Nutcracker Suite is the music (but not the dancing) from the ballet The Nutcracker, and the Carmen Suite is the instrumental music (but not the singing and dancing) from the opera Carmen.，A group of related computer programs distributed together.","/swiːt/","✓","[A]s to men, we shall live altogether at the Duc de Romagnecourt's, his suite of servants will be ours.;a suite of rooms;a suite of minerals"
"tabular","ADJ. having a flat, plane surface，organized as a table or list，calculated by means of a table，tending to split into thin flat pieces, such as slate NOUN. tabular bone","/ˈtæbjələ(r)/","✗","Dark brown to black; streak brownish red; fracture shelllike; crystals equidimensional to tabular, also in rounded and scaly masses...;It should be noted that the first and the second method is well suited for both ordinary text and for tabular data.;This is due to the formation of a smaller code compared to the tabular one."
"template","NOUN. A physical object whose shape is used as a guide to make other objects.，A generic model or pattern from which other objects are based or derived.，A generic model or pattern from which other objects are based or derived.
document template (file with a basic outline for a work)，A macromolecule which provides a pattern for the synthesis of another molecule.，A partially defined class or function, that can be instantiated in a variety of ways depending on the instantiation arguments.，A strip of metal used in boiler-making, pierced with a series of holes, and serving as a guide in marking out a line of rivet-holes. VERB. To set up or mark off using a template.，To provide a template or pattern for.，To synthesize by means of a template.","/ˈtempleɪt/","✓","A template is a blueprint or formula for creating a generic class or a function. “C++ Templates”, in tutorialspoint, 2016;A quarter-century later, the Band’s music provided a key template for the acts first labeled Americana, including Son Volt, Wilco and Lucinda Williams, as well as for their sonic heirs.];A template for those who will become transhuman."
"tragic","ADJ. Causing great sadness or suffering.，Relating to tragedy in a literary work.，Having been the victim of a tragedy.，Cringeworthy; tryhard; unhip; embarrassing; hopeless; indicative of (or having) a chronic lack of self-awareness. NOUN. An obsessive fan, a superfan，A writer of tragedy.，A tragedy; a tragic drama.","/ˈtrædʒɪk/","✗","14 February 2008, “Search for tragic Madeleine McCann over”, in The Daily Telegraph, Australia:;That dress is tragic.;He's pretty tragic these days, hanging out with people half his age."
"trail","VERB. To follow behind (someone or something); to tail (someone or something).，To drag (something) behind on the ground.，To leave (a trail of).，To show a trailer of (a film, TV show etc.); to release or publish a preview of (a report etc.) in advance of the full publication.，To hang or drag loosely behind; to move with a slow sweeping motion.，To run or climb like certain plants.，To drag oneself lazily or reluctantly along.，To be losing, to be behind in a competition.，To carry (a firearm) with the breech near the ground and the upper part inclined forward, the piece being held by the right hand near the middle.，To create a trail in.，To travel by following or creating trails.，To transport (livestock) by herding it along a trail.，To take advantage of the ignorance of; to impose upon. NOUN. The track or indication marking the route followed by something that has passed, such as the footprints of animal on land or the contrail of an airplane in the sky.，A route for travel over land, especially a narrow, unpaved pathway for use by hikers, horseback riders, etc.，A route or circuit generally.，A trailer broadcast on television for a forthcoming film or programme.，A walk in which all the edges are distinct.，The horizontal distance from where the wheel touches the ground to where the steering axis intersects the ground. PROPN. A city in British Columbia, Canada.，A city in Polk County, Minnesota, United States.，A census-designated place in Jackson County, Oregon, United States.","/treɪl/","✗","You'll get your coat all muddy if you trail it around like that.;Even now I behold a sign, A threatening of wrath divine, A watery, wandering star, through whose streaming hair, and the white Unfolding garments of light, That trail behind it afar, The constellations shine!;trail of blood"
"traverse","NOUN. A route used in mountaineering, specifically rock climbing, in which the descent occurs by a different route than the ascent.，A series of points, with angles and distances measured between, traveled around a subject, usually for use as ""control"" i.e. angular reference system for later surveying work.，A screen or partition.，Something that thwarts or obstructs.，A gallery or loft of communication from side to side of a church or other large building.，A formal denial of some matter of fact alleged by the opposite party in any stage of the pleadings. The technical words introducing a traverse are absque hoc (""without this"", i.e. without what follows).，The zigzag course or courses made by a ship in passing from one place to another; a compound course.，A line lying across a figure or other lines; a transversal.，In trench warfare, a defensive trench built to prevent enfilade.，A traverse board. VERB. To travel across, to go through, to pass through, particularly under difficult conditions.，To visit all parts of; to explore thoroughly.，To lay in a cross direction; to cross.，To rotate a gun around a vertical axis to bear upon a military target.，To climb or descend a steep hill at a wide angle (relative to the slope).，To (make a cutting, an incline) across the gradients of a sloped face at safe rate.，To act against; to thwart or obstruct.，To use the motions of opposition or counteraction.，To pass over and view; to survey carefully.，To plane in a direction across the grain of the wood.，To deny formally. ADV. athwart; across; crosswise ADJ. Lying across; being in a direction across something else. PROPN. A surname from French.","/trəˈvɜːs/","✗","At the entrance of the king, / The first traverse was drawn.;The whole care of the vessel rested, therefore, upon me, and I was obliged to direct her by my former experience, not being able to work a traverse.;He will have to traverse the mountain to get to the other side."
"triad","NOUN. A grouping of three.，A word of three syllables.，A branch of a Chinese underground criminal society, mostly based in Hong Kong.，on a CRT display, a group of three neighbouring phosphor dots, coloured green, red, and blue.，A chord consisting of a root tone, the tone two degrees higher, and the tone four degrees higher in a given scale.","/ˈtraɪæd/","✗","A triad consists of three notes stacked in consecutive thirds. ;And the triad is made complete by she who is violenced by him.;major triad;Modern harmonists are unwilling to acknowledge that the minor triad is less consonant than the major."
"tweak","VERB. To pinch and pull with a sudden jerk and twist; to twitch.，To adjust slightly; to fine-tune.，To tease, to annoy; to get under the skin of (someone, typically so as to irritate them, or by extension to enamor, frighten, etc).，To abuse methamphetamines, especially crystal meth.，To exhibit extreme nervousness, evasiveness when confronted by authorities, compulsiveness, erratic motion, excitability, etc, due to or mimicking the symptoms of methamphetamine abuse. NOUN. A sharp pinch or jerk; a twist or twitch.，A slight adjustment or modification.，Trouble; distress; tweag.，A prostitute.，An additional input to a block cipher, used in conjunction with the key to select the permutation computed by the cipher.","/twiːk/","✗","to tweak the nose.;If we tweak the colors towards blue, it will look more natural.;“Russia needs leadership and he knows how to tweak people.” He grinned, “He made a convert of me,” chuckling. “I wanted to lead him by the hand, now I follow him like a puppy dog.”"
"twiddle","VERB. To wiggle, fidget or play with; to move around.，To flip or switch two adjacent bits (binary digits).，To be in an equivalence relation with.，To play with anything; hence, to be busy about trifles. NOUN. A slight twist with the fingers.，A wiggling movement.，A small decorative embellishment.，A small musical flourish.，A tilde.，A drawn line that is curvy or twisted.，A tiny bit，A tizzy","/ˈtwɪdl/","✗","the twiddle factor, and;He put away the reciever with receiver with a twiddle of pudgy fingers.;Instead, flagellar motion causes the bacterium to swim smoothly (called a run), then stop and tumble (a twiddle), followed by another period of smooth swimming;A raised white brow in my direction, and a twiddle of the pipe stem toward the trail indicated that his wife was at our house, if that's who I was looking for."
"twofold","ADJ. Double; duplicate; multiplied by two.，Having two parts, especially two different parts. ADV. In a double degree; doubly.","/ˈtuːfəʊld/","✗","The wheat produced a twofold harvest.;a twofold nature; a twofold sense; a twofold argument;It is the tale of Ixion's twofold guilt, unnatural murder and unlawful love."
"universality","NOUN. the property of being universal, common to all members of a class","/ˌjuːnɪvɜːˈsæləti/","✓","Universality is denied to nature, and only the supersensible, that is, nonnature, is the realm of the universal.;Its unconditionality is maintained in the act of willing only if it wills according to the universality of law, thereby transcending the conditioning effects of subjective inclinations.;Because the selflike (selbstische) universality, the subjective One (Bins) of the individuality, does not separate itself from the real particularization but is only submerged in it, …"
"unleash","VERB. To free from a leash, or as from a leash.，To let go; to release.，To precipitate; to bring about.","/ʌnˈliːʃ/","✗","Unleash your inner musician;For example, the [racehorse] trainer may have tipped a betting syndicate that he is about to unleash a sleeper […];A son of Street Cry, Street Sense will break from the No. 7 post and, in theory, lope along in midpack before finding a spot near the rail to unleash a late run.;So let the show begin, black femme cisters, unleash your pinks and let the show begin!"
"unprecedented","ADJ. Never before seen, done, or experienced; without precedent.","/ʌnˈpresɪdentɪd/","✗","On October 6, 1927, Warner Bros. released The Jazz Singer, the first sound-synched feature film, prompting a technological shift of unprecedented speed and unstoppable force. Within two years, nearly every studio release was a talkie.;the invading host that had sailed from Hellas in more than one thousand ships was of an unprecedented size.;Ecologists say the months of intense and unprecedented fires will almost certainly push several species to extinction."
"unwed","ADJ. Not married. NOUN. One who is not married; a bachelor or a spinster. VERB. To separate.，To annul the marriage of.","/ˌʌnˈwed/","✓","My biological mother was a young, unwed college graduate student, and she decided to put me up for adoption. ;At last it was determined to unwed the unhappy pair, during the arrangements for which the husband was arrested and put into jail for six months for rioting.;The unwed, government dependent sheboons who use food as a babysitter, while stuffing their own faces constantly.;One of the rising female talents in the Indonesian film industry, director Pritagita Arianegara debuts with Salawaku, depicting profound contrasts between beautiful oceanscapes and struggling, unwed mothers."
"urge","NOUN. A strong desire; an itch to do something. VERB. To press; to push; to drive; to impel; to force onward.，To put mental pressure on; to ply with motives, arguments, persuasion, or importunity.，To provoke; to exasperate.，To press hard upon; to follow closely.，To present in an urgent manner; to insist upon.，To treat with forcible means; to take severe or violent measures with.，To press onward or forward.，To be pressing in argument; to insist; to persist.","/ɜːdʒ/","✓","After seeing the advert for a soft drink, I had a sudden urge to buy a bottle.;to urge an argument; to urge the necessity of a case;to urge an ore with intense heat"
"vitality","NOUN. The capacity to live and develop.，Energy or vigour.，That which distinguishes living from nonliving things; life, animateness.","/vaɪˈtæləti/","✓","The educated man of the twentieth century is not anaemic, languishing in a washed-out, wan vitality.;It was, however, in the Puritan movement in England, and in similar movements on the continent — especially the Bohemian Brethren — that chiliasm asserted its greatest vitality as an historical force.;lower one's vitality"
"vulgar","ADJ. Debased, uncouth, distasteful, obscene.，Having to do with ordinary, common people.，Common, usual; of the typical kind.，Being a vulgar fraction. NOUN. A common, ordinary person.，The common people.，The vernacular tongue or common language of a country.","/ˈvʌlɡə(r)/","✗","vulgar language;vulgar words;a truly vulgar showing of affection"
"wagon","NOUN. A heavier four-wheeled (normally horse-drawn) vehicle designed to carry goods (or sometimes people).，Abbreviation of toy wagon; A child's riding toy, with the same structure as a wagon (sense 1), pulled or steered by a long handle attached to the front.，A vehicle (wagon) designed to transport goods or people on railway.，Short for dinner wagon (“set of light shelves mounted on castors so that it can be pushed around a dining room and used for serving”).，Short for paddy wagon (“police van for transporting prisoners”).，Short for station wagon (“type of car in which the roof extends rearward to produce an enclosed area in the position of and serving the function of the boot (trunk)”); (by extension) a sport utility vehicle (SUV); any car.，A woman of loose morals, a promiscuous woman, a slapper; (by extension) a woman regarded as obnoxious; a bitch, a cow.，A kind of prefix used in de Bruijn notation.，Buttocks. VERB. To load into a wagon in preparation for transportation; to transport by means of a wagon.，To travel in a wagon. PROPN. A bright circumpolar asterism of the northern sky, said to resemble a ladle or cart. It is part of the constellation Ursa Major and includes the stars Mizar, Dubhe, and Alkaid.","/ˈwæɡən/","✗","The waiters wore red jackets with black lapels, in summer white jackets with green lapels. There was a roast beef wagon. A pastry section in the huge kitchen.;I began as a patrol officer, working the wagon, squad car, and three-wheelers until 1963, when I took the detective exam.;Well fuck yeh, yeh stuck-up little wagon."
"zodiac","NOUN. The belt-like region of the celestial sphere approximately eight degrees north and south of the ecliptic which include the apparent path of the sun, moon, and visible planets.，The twelve equal divisions of the zodiacal region into signs or houses, each named for a prominent constellation in the region.，The ecliptic: the belt-like region of the celestial sphere corresponding to the apparent path of the sun over the course of a year.，Any of various astrological systems considered similar to the above.，A circle decorated with the signs of the zodiac.，Alternative letter-case form of zodiac PROPN. a family of constellations that are visible in the apparent path of the Sun viewed from the Earth over the year","/ˈzəʊdiæk/","✗","The moon's path lies in that belt of the heavens known as the zodiac.;Of all the zodiac signs, Sagittarius is the least likely to rush into a commitment. They think romance should always be an adventure, and it takes a lot for them to DTR.;Such a comparatively unremunerative occupation as that of carrying a few score head of cattle six times a year from Port Zodiac to Port Marivelles was not worth a ship-owner's thought […]"